Title,URL
"Flying Horse North Golf Course Vision",https://flyinghorseclub.com/hello-world/
Home,https://flyinghorseclub.com/
Golf,https://flyinghorseclub.com/golf/
"Athletic Club",https://flyinghorseclub.com/athletic-club-spa/
Spa,https://flyinghorseclub.com/spa/
"Group Events and Weddings",https://flyinghorseclub.com/club-events/
Membership,https://flyinghorseclub.com/club-membership/
Contact,https://flyinghorseclub.com/contact/
"Privacy Policy",https://flyinghorseclub.com/privacy-policy/
About,https://flyinghorseclub.com/about-us/
FAQ,https://flyinghorseclub.com/faq/
"Clubhouse and Golf Shop",https://flyinghorseclub.com/clubhouse-and-shop/
Gallery,https://flyinghorseclub.com/gallery/
Dining,https://flyinghorseclub.com/clubhouse-dining/
"Golf Course Tour",https://flyinghorseclub.com/golf-course-tour/
Events,https://flyinghorseclub.com/events/
Locations,https://flyinghorseclub.com/events/locations/
Categories,https://flyinghorseclub.com/events/categories/
Tags,https://flyinghorseclub.com/events/tags/
"My Bookings",https://flyinghorseclub.com/events/my-bookings/
Calendar,https://flyinghorseclub.com/calendar/
"Latest News",https://flyinghorseclub.com/latest-news/
"PGA Professional, Ashley Skidmore, Joins The Club at Flying Horse",https://flyinghorseclub.com/pga-professional-ashley-skidmore-joins-the-club-at-flying-horse/
"SECOND ANNUAL WINE FESTIVAL",https://flyinghorseclub.com/second-annual-wine-festival/
"Please Welcome Kevin Anderson &#8211; New Food & Beverage Manager",https://flyinghorseclub.com/please-welcome-kevin-anderson-new-food-beverage-manager/
"Holiday Ladies Luncheon & Fashion Show",https://flyinghorseclub.com/holiday-ladies-luncheon/
"The Golf Academy comes to Flying Horse!",https://flyinghorseclub.com/the-golf-academy-comes-to-flying-horse/
"The Spa at Flying Horse February 2019 Specials",https://flyinghorseclub.com/the-spa-at-flying-horse-february-2019-specials/
"Summer Day Camps At The Club At Flying Horse",https://flyinghorseclub.com/summer-day-camps-at-the-club-at-flying-horse/
"D20 School&#8217;s Out and Snow Day",https://flyinghorseclub.com/d20-schools-out-and-snow-day/
"New Junior Tennis Development Coach, Tom Ewert",https://flyinghorseclub.com/new-junior-tennis-development-coach-tom-ewert/
"2019 Spring into Savings Spa Promotions",https://flyinghorseclub.com/spring-into-savings-spa-promotions-of-the-month/
"2019 Kentucky Berby",https://flyinghorseclub.com/2019-kentucky-berby/
"2019 Summer Concert Series at Angel Mist Park",https://flyinghorseclub.com/2019-flying-horse-summer-concert-series/
"Flying Horse Tours",https://flyinghorseclub.com/flying-horse-tours/
"Third Annual Flying Horse Vin Festival",https://flyinghorseclub.com/third-annual-flying-horse-vin-festival/
"2019 October Spa Specials",https://flyinghorseclub.com/2019-october-spa-specials/
"The Decade in Review",https://flyinghorseclub.com/the-decade-in-review/
"The Spa at Flying Horse February 2020 Specials",https://flyinghorseclub.com/the-spa-at-flying-horse-february-2020-specials/
"The Lodge at Flying Horse Receives AAA&#8217;s Four Diamond Rating",https://flyinghorseclub.com/lodge-aaa-four-diamond/
Weddings,https://flyinghorseclub.com/weddings/
"Meetings & Conferences",https://flyinghorseclub.com/meetings-conferences/
"Club Member Update",https://flyinghorseclub.com/club-member-update/
"Club Member Update",https://flyinghorseclub.com/club-member-update-2/
"Club Member Update",https://flyinghorseclub.com/covid-19-update-march-2020/
"Club Member Spotlight:  Meet The Matisek Family",https://flyinghorseclub.com/club-member-spotlight-meet-the-matisek-family/
"Club Member Spotlight: Meet The Scott Family",https://flyinghorseclub.com/club-member-spotlight-meet-the-scott-family/
"Club Member Spotlight:  Meet The Campbell Family",https://flyinghorseclub.com/club-member-spotlight-meet-the-campbell-family/
"2020 Hess Collection Wine Dinner",https://flyinghorseclub.com/hess-collection-wine-dinner-hosted-by-hess-collection-winemaker-alison-rodriguez/
"Flying Horse Teamwork",https://flyinghorseclub.com/flying-horse-teamwork/
"Ride the Ranch",https://flyinghorseclub.com/ride-the-ranch/
"Spring Flowers at The Club",https://flyinghorseclub.com/spring-flowers-at-the-club/
"A Countywide Celebration of July 4th!",https://flyinghorseclub.com/a-countywide-celebration-of-july-4th/
"June 2020 Pure Fiji Spa Raffle",https://flyinghorseclub.com/june-2020-pure-fiji-spa-raffle/
"Book Now",https://flyinghorseclub.com/book-now/
"Flying Horse Club Member&#8217;s 4th of July Celebrations",https://flyinghorseclub.com/flying-horse-4th-of-july-celebrations/
"2020 Wine Spectator Award of Excellence",https://flyinghorseclub.com/2020-wine-spectator-award-of-excellence/
"Botkin Family",https://flyinghorseclub.com/testimonial/botkin-family/
"Campbell Family",https://flyinghorseclub.com/testimonial/campbell-family/
"Goles Family",https://flyinghorseclub.com/testimonial/goles-family/
"Matiseks Family",https://flyinghorseclub.com/testimonial/matiseks-family/
"McNaugtons Family",https://flyinghorseclub.com/testimonial/mcnaugtons-family/
"Scott Family",https://flyinghorseclub.com/testimonial/scott-family/
"Virginia Patton",https://flyinghorseclub.com/testimonial/virginia-patton/
Reviews,https://flyinghorseclub.com/reviews/
"Leave Review",https://flyinghorseclub.com/reviews/leave-review/
"Idyllic Everywhere You Turn",https://flyinghorseclub.com/testimonial/idyllic-everywhere-you-turn/
"I Could&#8217;t Have Asked For a Better Place to Have Our Party",https://flyinghorseclub.com/testimonial/i-couldt-have-asked-for-a-better-place-to-have-our-party/
"I Would Highly Recommend The Club At Flying Horse to Everyone!",https://flyinghorseclub.com/testimonial/i-would-highly-recommend-the-club-at-flying-horse-to-everyone/
"This Place Is Sweet",https://flyinghorseclub.com/testimonial/this-place-is-sweet/
"I Play Golf There 4 Time A Week",https://flyinghorseclub.com/testimonial/i-play-golf-there-4-time-a-week/
"The Staff Has Always Been The Best Around",https://flyinghorseclub.com/testimonial/the-staff-has-always-been-the-best-around/
NorthGolf2020,https://flyinghorseclub.com/northgolf2020/
"October 2020 Spa Specials",https://flyinghorseclub.com/october-2020-spa-specials/
"November 2020 Spa Specials",https://flyinghorseclub.com/november-2020-spa-specials/
"Curbside Dining at The Steakhouse",https://flyinghorseclub.com/curbside-dining-at-the-steakhouse/
"December 2020 Spa Specials",https://flyinghorseclub.com/december-2020-spa-specials/
"Golf Shop – 2020 Holiday Bundles",https://flyinghorseclub.com/golf-shop-2020-holiday-bundles/
"A+ EXCELLENCE",https://flyinghorseclub.com/testimonial/a-excellence/
"January 2021 Spa Specials",https://flyinghorseclub.com/january-2021-spa-specials/
"2021 Valentine&#8217;s Special at Flying Horse",https://flyinghorseclub.com/valentines-special-at-flying-horse/
"2021 Lodge Local Appreciation",https://flyinghorseclub.com/2021-local-appreciation/
"Booking.com Traveller Review Awards 2021",https://flyinghorseclub.com/booking-com-traveller-review-awards-2021/
"Day Camp at The Club at Flying Horse",https://flyinghorseclub.com/auto-draft/
"The Steakhouse at Flying Horse Best Steakhouse in Colorado",https://flyinghorseclub.com/steakhouse-at-flying-horse-best-steakhouse-in-colorado/
"February 2021 Spa Specials",https://flyinghorseclub.com/february-2021-spa-specials/
"Tack Room and Steakhouse are 5 Star Certified",https://flyinghorseclub.com/5-star-certified/
"2021 Elopement Special Package",https://flyinghorseclub.com/elopement-package/
"2021 Golf Calendar",https://flyinghorseclub.com/2021-golf-calendar/
GoGolf,https://flyinghorseclub.com/gogolf/
"March 2021 Spa Specials",https://flyinghorseclub.com/march-2021-spa-specials/
"Hotels.com Loved by Guests “Most Wanted” Award for 2021",https://flyinghorseclub.com/hotels-com-loved-by-guests-most-wanted-award-for-2021/
"April 2021 Spa Specials",https://flyinghorseclub.com/april-2021-spa-specials/
"May 2021 Spa Specials",https://flyinghorseclub.com/may-2021-spa-specials/
"Spa Loyalty Program",https://flyinghorseclub.com/spa-loyalty-program/
"June 2021 Spa Specials",https://flyinghorseclub.com/june-2021-spa-specials/
"Road Improvements",https://flyinghorseclub.com/construction/
"2021 Fourth of July Weekend Events",https://flyinghorseclub.com/2021-fourth-of-july-weekend-events/
"July 2021 Spa Specials",https://flyinghorseclub.com/july-2021-spa-specials/
mobile-menus,https://flyinghorseclub.com/mobile-menus/
"Flying Horse Cash Cards",https://flyinghorseclub.com/flying-horse-cash-cards/
"August 2021 Spa Specials",https://flyinghorseclub.com/august-2021-spa-specials/
"August Kids&#8217; Cabin Themed Date Nights",https://flyinghorseclub.com/august-2021-kids-cabin-themed-date-nights/
"September Kids&#8217; Cabin Date Nights",https://flyinghorseclub.com/september-2021-kids-cabin-themed-date-nights/
"September 2021 Spa Specials",https://flyinghorseclub.com/september-2021-spa-specials/
"October Kids&#8217; Cabin Date Night",https://flyinghorseclub.com/october-kids-cabin-date-night-2021/
"October 2021 Spa Specials",https://flyinghorseclub.com/october-2021-spa-specials/
"The Flying Horse Five",https://flyinghorseclub.com/flying-horse-five/
"November 2021 Spa Specials",https://flyinghorseclub.com/november-2021-spa-specials/
"November Kids&#8217; Cabin Date Night",https://flyinghorseclub.com/november-kids-cabin-date-night-2021/
"In-Room Dining Menus",https://flyinghorseclub.com/in-room-dining-menus/
"December Kids&#8217; Cabin Date Night",https://flyinghorseclub.com/december-kids-cabin-date-night-2021/
"Spa Dining Menus",https://flyinghorseclub.com/spa-dining-menus/
"December 2021 Spa Specials",https://flyinghorseclub.com/december-2021-spa-specials/
"January 2022 Kids&#8217; Cabin Date Night",https://flyinghorseclub.com/january-2022-kids-cabin-date-night/
Issues,https://flyinghorseclub.com/issues/
"January 2022 Spa Specials",https://flyinghorseclub.com/january-2022-spa-specials/
"February 2022 Spa Specials",https://flyinghorseclub.com/february-2022-spa-specials/
RSVP,https://flyinghorseclub.com/rsvp/
"February 2022 Kids&#8217; Cabin Date Nights",https://flyinghorseclub.com/february-2022-kids-cabin-date-nights/
"Matrix Strength Equipment",https://flyinghorseclub.com/matrix-strength-equipment/
"March 2022 Kids&#8217; Cabin Date Nights",https://flyinghorseclub.com/march-2022-kids-cabin-date-nights/
"March 2022 Spa Specials",https://flyinghorseclub.com/march-2022-spa-specials/
"2022 Golf Calendar",https://flyinghorseclub.com/2022-golf-calendar/
"Lock-in your Golf Initiation Fees",https://flyinghorseclub.com/lock-in-your-golf-initiation-fees/
"April 2022 Kids&#8217; Cabin Date Nights",https://flyinghorseclub.com/april-2022-kids-cabin-date-nights/
"April 2022 Spa Specials",https://flyinghorseclub.com/april-2022-spa-specials/
"Book your Graduation Party",https://flyinghorseclub.com/graduation-party/
"May 2022 Kids&#8217; Cabin Date Nights",https://flyinghorseclub.com/may-2022-kids-cabin-date-nights/
"May 2022 Spa Specials",https://flyinghorseclub.com/may-2022-spa-specials/
"June 2022 Kids&#8217; Cabin Date Nights",https://flyinghorseclub.com/june-2022-kids-cabin-date-nights/
"June 2022 Spa Specials",https://flyinghorseclub.com/june-2022-spa-specials/
"Adults Only Picnic at The Pool",https://flyinghorseclub.com/picnic-at-the-pool/
"Fourth of July 2022",https://flyinghorseclub.com/fourth-of-july-2022/
"July 2022 Kids&#8217; Cabin Date Nights",https://flyinghorseclub.com/july-2022-kids-cabin-date-nights/
"July 2022 Spa Specials",https://flyinghorseclub.com/july-2022-spa-specials/
"August 2022 Kids&#8217; Cabin Date Nights",https://flyinghorseclub.com/august-2022-kids-cabin-date-nights/
"August 2022 Spa Specials",https://flyinghorseclub.com/august-2022-spa-specials/
"September 2022 Spa Specials",https://flyinghorseclub.com/september-2022-spa-specials/
"September 2022 Kids&#8217; Cabin Date Nights",https://flyinghorseclub.com/september-2022-kids-cabin-date-nights/
"October 2022 Kids&#8217; Cabin Date Nights",https://flyinghorseclub.com/october-2022-kids-cabin-date-nights/
"October 2022 Spa Specials",https://flyinghorseclub.com/october-2022-spa-specials/
"2022 Flying Horse Ladies Golf Recap by Kathy Clark",https://flyinghorseclub.com/2022-flying-horse-ladies-golf-recap/
"November 2022 Kids&#8217; Cabin Date Nights",https://flyinghorseclub.com/november-2022-kids-cabin-date-nights/
"November 2022 Spa Specials",https://flyinghorseclub.com/november-2022-spa-specials/
"December 2022 Spa Specials",https://flyinghorseclub.com/december-2022-spa-specials/
"December 2022 Kids&#8217; Cabin Date Nights",https://flyinghorseclub.com/december-2022-kids-cabin-date-nights/
"New Year&#8217;s Eve Party 2022",https://flyinghorseclub.com/new-years-eve-party-2022/
"January 2023 Kids&#8217; Cabin Date Nights",https://flyinghorseclub.com/january-2023-kids-cabin-date-nights/
"January 2023 Spa Specials",https://flyinghorseclub.com/january-2023-spa-specials/
"February 2023 Spa Specials",https://flyinghorseclub.com/february-2023-spa-specials/
"February 2023 Kids&#8217; Cabin Date Nights",https://flyinghorseclub.com/february-2023-kids-cabin-date-nights/
"March 2023 Kids&#8217; Cabin Date Nights",https://flyinghorseclub.com/march-2023-kids-cabin-date-nights/
"March 2023 Spa Specials",https://flyinghorseclub.com/march-2023-spa-specials/
"April 2023 Spa Specials",https://flyinghorseclub.com/april-2023-spa-specials/
"Mother&#8217;s Day Brunch Buffet 2023",https://flyinghorseclub.com/mothers-day-brunch-buffet-2023/
"May 2023 Kids&#8217; Cabin Date Nights",https://flyinghorseclub.com/may-2023-kids-cabin-date-nights/
"May 2023 Spa Specials",https://flyinghorseclub.com/may-2023-spa-specials/
"June 2023 Spa Specials",https://flyinghorseclub.com/june-2023-spa-specials/
"Independence Day 2023",https://flyinghorseclub.com/independence-day-2023/
"Main Gallery",https://flyinghorseclub.com/envira/homepage-gallery/
"2023 Holiday Information",https://flyinghorseclub.com/2023holidayhours/
"November 2023 Spa Specials",https://flyinghorseclub.com/november-2023-spa-specials/
"Golf Shop Pre Black Friday Sale",https://flyinghorseclub.com/golf-shop-pre-black-friday-sale/
"Christmas Sales 2023",https://flyinghorseclub.com/christmas-sales-2023/
"2023 Christmas Dining at Flying Horse",https://flyinghorseclub.com/christmas-dining-2023/
"Special Event Offerings for 2024",https://flyinghorseclub.com/specialevents2024/
"Best Of The Springs 2024",https://flyinghorseclub.com/bestofthesprings2024/
"Golfweeks&#8217; Top 200 Residential Golf Courses",https://flyinghorseclub.com/top200golfcourses/
"AGM Platinum Award",https://flyinghorseclub.com/agmplatinumaward/
"Easter Brunch 2024",https://flyinghorseclub.com/easterbrunch2024/
Dunamis,https://flyinghorseclub.com/dunamis/
"Chef Kate Doncilovic",https://flyinghorseclub.com/chefkate/
"Kids&#8217; Cabin April Date Nights",https://flyinghorseclub.com/aprildatenights/
"2024 Wine Events",https://flyinghorseclub.com/wineevents2024/
"Mother&#8217;s Day Brunch 2024",https://flyinghorseclub.com/mothersdaybrunch2024/
"Best of the Springs 2024",https://flyinghorseclub.com/bestofthesprings2024-2/
"Dog Friendly Guidelines",https://flyinghorseclub.com/dogfriendlyguidelines/
"Kids&#8217; Cabin June Date Nights",https://flyinghorseclub.com/junedatenights2024/
"June Spa Specials 2024",https://flyinghorseclub.com/junespaspecials2024/
"Kids Cartooning & Lego-Mation Camp DUO 2024",https://flyinghorseclub.com/cartooninglegocamp2024/
"July Spa Specials",https://flyinghorseclub.com/julyspaspecials2024/
"July Date Nights",https://flyinghorseclub.com/julyldatenights2024/
"Wine Spectator Award 2024",https://flyinghorseclub.com/winespectatoraward2024/
